stem,score,horizontal_split_signals,vertical_split_signals,both_axis_cells,wide_text_boxes,tall_text_boxes,num_rows,num_cols,cells,image_path,json_path,examples
e1a11d4c707ee632d1f118af58abd733e667bb657d84677b3e04ad4e7c8ac806_0000,865,117,97,39,28,0,59,4,112,/home/chanho-cho/projects/Datasets/table_structure_val/image/e1a11d4c707ee632d1f118af58abd733e667bb657d84677b3e04ad4e7c8ac806_0000.png,/home/chanho-cho/projects/Datasets/table_structure_val/json/e1a11d4c707ee632d1f118af58abd733e667bb657d84677b3e04ad4e7c8ac806_0000.json,"cell#2 r1c0 bbox=[10.5, 17.2, 334.6, 37.1] crosses_v=2 crosses_h=1 text='. . . . . . . . . 85.13 Platform Specific Problems . . . . . . . . .' || cell#3 r0c0 bbox=[17.2, 0.7, 334.6, 19.2] crosses_v=2 crosses_h=0 text='. . . . . . . . .' || cell#6 r2c0 bbox=[23.6, 35.3, 334.6, 55.0] crosses_v=2 crosses_h=0 text='85.13.1 EBCDIC Platforms . . . . . . . . . .' || cell#8 r3c0 bbox=[47.2, 56.2, 228.2, 72.0] crosses_v=1 crosses_h=0 text='85.13.2 Cygwin 1.5 problems'"
bc87c5f86f2daf10d9ffecb4f709c9c033d7ed2acd8034a60eb8913cb048b8fe_0000,823,85,146,22,15,5,34,6,56,/home/chanho-cho/projects/Datasets/table_structure_val/image/bc87c5f86f2daf10d9ffecb4f709c9c033d7ed2acd8034a60eb8913cb048b8fe_0000.png,/home/chanho-cho/projects/Datasets/table_structure_val/json/bc87c5f86f2daf10d9ffecb4f709c9c033d7ed2acd8034a60eb8913cb048b8fe_0000.json,"cell#0 r0c0 bbox=[0.7, 3.3, 640.3, 35.5] crosses_v=5 crosses_h=0 text='1 6' || cell#1 r2c0 bbox=[0.7, 51.7, 640.3, 59.9] crosses_v=5 crosses_h=0 text='GROUP FINANCIAL COMMUNICATION 263' || cell#2 r1c0 bbox=[4.6, 41.9, 640.4, 51.1] crosses_v=5 crosses_h=0 text='PRESENTATION 3 SHAREHOLDERS -' || cell#3 r4c0 bbox=[-2.8, 62.8, 265.1, 92.9] crosses_v=1 crosses_h=0 text='1.1 Messages from the Chairman of the Board and the Chief Executive Officer 1.2 '"
475ac7e80b2d94fb69b2ec75eca5e8b4ab65227ad38625e48d762835cc4241db_0000,575,58,94,23,4,0,52,4,147,/home/chanho-cho/projects/Datasets/table_structure_val/image/475ac7e80b2d94fb69b2ec75eca5e8b4ab65227ad38625e48d762835cc4241db_0000.png,/home/chanho-cho/projects/Datasets/table_structure_val/json/475ac7e80b2d94fb69b2ec75eca5e8b4ab65227ad38625e48d762835cc4241db_0000.json,"cell#1 r0c2 bbox=[79.8, 31.6, 357.4, 50.7] crosses_v=1 crosses_h=0 text='Notes on Implementing Pod Processors . . . .' || cell#3 r1c1 bbox=[27.1, 51.1, 52.2, 67.8] crosses_v=1 crosses_h=0 text='34.6' || cell#4 r1c2 bbox=[79.7, 52.0, 357.5, 68.6] crosses_v=1 crosses_h=0 text='About L < ... > Codes . . . . . . . . . . . .' || cell#5 r2c2 bbox=[83.1, 67.1, 259.4, 83.6] crosses_v=1 crosses_h=0 text='. . About = over... = back Regions'"
e460f7277ce7a24cf776b3788beb03a028081fcd4442b638e276c1ce0c99e9d9_0000,551,7,156,4,42,0,51,4,147,/home/chanho-cho/projects/Datasets/table_structure_val/image/e460f7277ce7a24cf776b3788beb03a028081fcd4442b638e276c1ce0c99e9d9_0000.png,/home/chanho-cho/projects/Datasets/table_structure_val/json/e460f7277ce7a24cf776b3788beb03a028081fcd4442b638e276c1ce0c99e9d9_0000.json,"cell#4 r1c2 bbox=[87.5, 51.0, 468.4, 68.4] crosses_v=1 crosses_h=0 text='Arrow Rule . . . . . . . . . . . . . . . . . . . . . . . .' || cell#8 r2c1 bbox=[52.2, 71.0, 111.3, 87.7] crosses_v=1 crosses_h=1 text='Solution' || cell#11 r3c1 bbox=[52.2, 82.7, 89.3, 99.5] crosses_v=0 crosses_h=1 text='The' || cell#12 r3c2 bbox=[107.0, 82.5, 468.4, 104.1] crosses_v=0 crosses_h=1 text='Rest . . . . . . .'"
75b8fbfac76b5109a742493b6cca02053de37291c989f51d45ad87ef4625d7f8_0000,471,67,50,19,25,0,49,5,168,/home/chanho-cho/projects/Datasets/table_structure_val/image/75b8fbfac76b5109a742493b6cca02053de37291c989f51d45ad87ef4625d7f8_0000.png,/home/chanho-cho/projects/Datasets/table_structure_val/json/75b8fbfac76b5109a742493b6cca02053de37291c989f51d45ad87ef4625d7f8_0000.json,"cell#0 r0c0 bbox=[23.1, 18.9, 59.4, 31.7] crosses_v=1 crosses_h=0 text='63.4' || cell#1 r0c2 bbox=[77.9, 18.4, 523.0, 29.9] crosses_v=1 crosses_h=0 text='KNOWNPROBLEMS . . . . . . . . . . . . . . . . . . . . . . . . . .' || cell#4 r1c0 bbox=[23.3, 38.7, 53.8, 55.6] crosses_v=1 crosses_h=1 text='63.5' || cell#6 r1c3 bbox=[153.7, 44.2, 527.3, 57.6] crosses_v=1 crosses_h=0 text='. . . . . . . . . . . . . . . . . . . . . . . . . . . . . . . . . .'"
b90923d092ac62e8cd10110238d60be1cdad3d79ff04d67017784c13b69ab6fd_0000,458,50,54,29,1,0,54,3,102,/home/chanho-cho/projects/Datasets/table_structure_val/image/b90923d092ac62e8cd10110238d60be1cdad3d79ff04d67017784c13b69ab6fd_0000.png,/home/chanho-cho/projects/Datasets/table_structure_val/json/b90923d092ac62e8cd10110238d60be1cdad3d79ff04d67017784c13b69ab6fd_0000.json,"cell#1 r0c1 bbox=[89.9, 4.4, 191.6, 31.5] crosses_v=1 crosses_h=1 text='Lifetime of' || cell#2 r1c0 bbox=[36.2, 20.5, 315.6, 39.6] crosses_v=1 crosses_h=1 text='the parent process and 48.2.5 CAVEATS AND LIMITATIONS' || cell#5 r2c0 bbox=[20.0, 39.9, 143.1, 51.7] crosses_v=1 crosses_h=1 text='48.3 BUGS . .' || cell#7 r2c2 bbox=[697.5, 39.6, 723.0, 55.6] crosses_v=0 crosses_h=1 text='778'"
6e62e8babcfb075dc96b67be2440a912ff62f537d7f45ad74eadfc5c60c7a76a_0000,457,55,55,17,42,0,55,4,166,/home/chanho-cho/projects/Datasets/table_structure_val/image/6e62e8babcfb075dc96b67be2440a912ff62f537d7f45ad74eadfc5c60c7a76a_0000.png,/home/chanho-cho/projects/Datasets/table_structure_val/json/6e62e8babcfb075dc96b67be2440a912ff62f537d7f45ad74eadfc5c60c7a76a_0000.json,"cell#1 r0c1 bbox=[72.5, 27.3, 326.2, 40.5] crosses_v=1 crosses_h=0 text='Reporting Bugs . . . . . . . . . . . . .' || cell#2 r1c1 bbox=[69.0, 45.8, 503.8, 62.9] crosses_v=1 crosses_h=0 text='. . . . . . . . . . . . . . . . SEE ALSO . . . . . . . . . . . . . . . . . . . .' || cell#5 r2c1 bbox=[64.4, 65.8, 541.5, 81.4] crosses_v=1 crosses_h=0 text='. . . . HISTORY . . . . . . . . . . . . . . . . . . . . . . . . . . . . . . . . ' || cell#10 r3c1 bbox=[65.8, 113.0, 365.9, 128.5] crosses_v=1 crosses_h=1 text='perl5005delta'"
50c3e0f1f41b70005e350a213ed03c78c61f1885d5903c9a41b0d289b43c8fee_0000,434,63,45,22,0,0,53,4,179,/home/chanho-cho/projects/Datasets/table_structure_val/image/50c3e0f1f41b70005e350a213ed03c78c61f1885d5903c9a41b0d289b43c8fee_0000.png,/home/chanho-cho/projects/Datasets/table_structure_val/json/50c3e0f1f41b70005e350a213ed03c78c61f1885d5903c9a41b0d289b43c8fee_0000.json,"cell#1 r0c1 bbox=[71.7, 6.0, 218.0, 18.2] crosses_v=1 crosses_h=0 text='Utility Changes . . .' || cell#5 r1c2 bbox=[91.7, 28.1, 290.9, 43.8] crosses_v=1 crosses_h=0 text=""Perl's debugger . . . . . . ."" || cell#8 r2c2 bbox=[96.7, 47.8, 291.0, 63.7] crosses_v=1 crosses_h=0 text='h2ph . . . . . . . . . . . .' || cell#11 r3c2 bbox=[83.6, 63.2, 297.2, 79.6] crosses_v=1 crosses_h=0 text='Installation and Configuration Improvements'"
9a37ee4c3344af718e67bca6c1a0cf2b5df9ed4494d2104f8eed7fc0779624c1_0000,417,45,53,11,68,0,53,2,104,/home/chanho-cho/projects/Datasets/table_structure_val/image/9a37ee4c3344af718e67bca6c1a0cf2b5df9ed4494d2104f8eed7fc0779624c1_0000.png,/home/chanho-cho/projects/Datasets/table_structure_val/json/9a37ee4c3344af718e67bca6c1a0cf2b5df9ed4494d2104f8eed7fc0779624c1_0000.json,"cell#1 r0c1 bbox=[68.1, 1.6, 616.4, 16.6] crosses_v=1 crosses_h=0 text='TS7700 components and task distribution . . . . . . . . . . . . . . . . . . . . ' || cell#5 r2c1 bbox=[304.0, 35.2, 616.1, 53.0] crosses_v=1 crosses_h=0 text='. . . . . . . . . . . . . . . . . . . . . . . . . . . . . . . . . . 632' || cell#7 r3c1 bbox=[320.7, 52.7, 615.1, 71.8] crosses_v=1 crosses_h=0 text='. . . . . . . . . . . . . . . . . . . . . . . . . . . . . . . . 632' || cell#8 r4c0 bbox=[20.0, 74.3, 366.3, 90.8] crosses_v=1 crosses_h=0 text='11.3.5 Parameters and customization of the TS7700'"
884e90b575d8bcf8f9f2679bae75d5fffe8aea5c2036c0e778b57c98ee55d428_0000,412,90,8,7,83,0,50,4,103,/home/chanho-cho/projects/Datasets/table_structure_val/image/884e90b575d8bcf8f9f2679bae75d5fffe8aea5c2036c0e778b57c98ee55d428_0000.png,/home/chanho-cho/projects/Datasets/table_structure_val/json/884e90b575d8bcf8f9f2679bae75d5fffe8aea5c2036c0e778b57c98ee55d428_0000.json,"cell#0 r0c0 bbox=[3.1, 4.4, 354.1, 17.1] crosses_v=1 crosses_h=0 text=""Newton's Law of Motion.............................................5-17"" || cell#1 r1c0 bbox=[16.6, 23.9, 354.1, 36.6] crosses_v=1 crosses_h=0 text='First...........................................................................' || cell#2 r2c0 bbox=[16.6, 43.4, 354.1, 56.1] crosses_v=1 crosses_h=0 text='Second......................................................................5-17' || cell#3 r3c0 bbox=[16.6, 62.9, 322.9, 75.6] crosses_v=1 crosses_h=0 text='Third............................................................... 5-18,'"
134f4fa55ab1933296d688dd0edf85d35c5abe261b14400321a5c7faf3cd4a14_0000,403,45,46,17,45,0,47,2,90,/home/chanho-cho/projects/Datasets/table_structure_val/image/134f4fa55ab1933296d688dd0edf85d35c5abe261b14400321a5c7faf3cd4a14_0000.png,/home/chanho-cho/projects/Datasets/table_structure_val/json/134f4fa55ab1933296d688dd0edf85d35c5abe261b14400321a5c7faf3cd4a14_0000.json,"cell#0 r0c0 bbox=[12.8, 0.8, 584.1, 17.3] crosses_v=1 crosses_h=0 text='13.2.1 Method 1: DR Testing using FlashCopy . . . . . . . . . . . . . . . . . . ' || cell#2 r1c0 bbox=[12.1, 19.6, 584.2, 36.2] crosses_v=1 crosses_h=0 text='13.2.2 Method 2: DR Testing using Write Protect Mode on DR clusters . . . . . . ' || cell#4 r2c0 bbox=[13.0, 35.0, 584.4, 52.2] crosses_v=1 crosses_h=0 text='13.2.3 Method 3: DR testing without using Write Protect Mode on DR clusters . . ' || cell#6 r3c0 bbox=[8.3, 54.3, 584.3, 70.9] crosses_v=1 crosses_h=0 text='13.2.4 Method 4: Breaking the interconnects between the TS7700 grid . . . . . . '"
c70ab1cf22e93d1b7fb6c844cdcb491957eed885490283cf6915059fb68edbd2_0000,398,97,3,2,88,0,50,4,106,/home/chanho-cho/projects/Datasets/table_structure_val/image/c70ab1cf22e93d1b7fb6c844cdcb491957eed885490283cf6915059fb68edbd2_0000.png,/home/chanho-cho/projects/Datasets/table_structure_val/json/c70ab1cf22e93d1b7fb6c844cdcb491957eed885490283cf6915059fb68edbd2_0000.json,"cell#1 r1c0 bbox=[2.8, 29.1, 353.8, 41.8] crosses_v=1 crosses_h=0 text=""Dalton's Law................................................................5-26"" || cell#3 r3c1 bbox=[311.3, 68.1, 353.8, 80.8] crosses_v=1 crosses_h=0 text='12-137' || cell#4 r4c0 bbox=[16.3, 87.6, 353.8, 100.3] crosses_v=1 crosses_h=0 text='Compound wound ................................................12-136' || cell#5 r5c0 bbox=[16.3, 107.1, 353.8, 119.8] crosses_v=1 crosses_h=0 text='Series wound ........................................................12-135'"
d0b9122a5f89128e5bb0589416ddc298c49d9d50c75d3887639fbfd88fb266f9_0000,396,0,132,0,0,0,56,6,246,/home/chanho-cho/projects/Datasets/table_structure_val/image/d0b9122a5f89128e5bb0589416ddc298c49d9d50c75d3887639fbfd88fb266f9_0000.png,/home/chanho-cho/projects/Datasets/table_structure_val/json/d0b9122a5f89128e5bb0589416ddc298c49d9d50c75d3887639fbfd88fb266f9_0000.json,"cell#7 r2c0 bbox=[-1.5, 50.0, 160.3, 65.3] crosses_v=0 crosses_h=1 text='INCOME STATEMENT DATA' || cell#8 r3c0 bbox=[-1.0, 53.0, 134.7, 68.1] crosses_v=0 crosses_h=1 text='Revenues:' || cell#15 r5c0 bbox=[20.0, 83.4, 117.8, 97.8] crosses_v=0 crosses_h=1 text='Principal transactions:' || cell#19 r6c3 bbox=[539.2, 102.4, 567.7, 117.0] crosses_v=0 crosses_h=1 text='5,796'"
8331a91ee070e59e24e7d96ab3e80efcffe65cf22f4123ce25517b35b5a54835_0000,395,91,6,5,79,0,46,4,101,/home/chanho-cho/projects/Datasets/table_structure_val/image/8331a91ee070e59e24e7d96ab3e80efcffe65cf22f4123ce25517b35b5a54835_0000.png,/home/chanho-cho/projects/Datasets/table_structure_val/json/8331a91ee070e59e24e7d96ab3e80efcffe65cf22f4123ce25517b35b5a54835_0000.json,"cell#0 r0c0 bbox=[15.5, 5.3, 353.0, 18.0] crosses_v=1 crosses_h=0 text='Bromochlorodifluoromethane (Halon 1211)..............1-8' || cell#1 r1c0 bbox=[15.5, 24.8, 353.0, 37.5] crosses_v=1 crosses_h=0 text='Bromotrifluoromethane (Halon 1301)........................1-8' || cell#2 r2c0 bbox=[15.5, 44.3, 353.0, 59.2] crosses_v=1 crosses_h=0 text='Carbon dioxide (CO 2 ).................................................1-6' || cell#3 r3c0 bbox=[15.5, 63.8, 353.0, 76.5] crosses_v=1 crosses_h=0 text='Chlorobromomethane (Halon 1011) ..........................1-8'"
ace2cd0f053e3f758d3ff29cae9896c378290c2851a5cdf5b831f1d2a8ad3407_0000,393,96,3,3,81,0,49,4,107,/home/chanho-cho/projects/Datasets/table_structure_val/image/ace2cd0f053e3f758d3ff29cae9896c378290c2851a5cdf5b831f1d2a8ad3407_0000.png,/home/chanho-cho/projects/Datasets/table_structure_val/json/ace2cd0f053e3f758d3ff29cae9896c378290c2851a5cdf5b831f1d2a8ad3407_0000.json,"cell#1 r0c0 bbox=[15.5, 4.3, 353.0, 17.0] crosses_v=1 crosses_h=0 text='Lead-acid................................................................12-92' || cell#2 r1c0 bbox=[15.5, 23.8, 353.0, 36.5] crosses_v=1 crosses_h=0 text='Primary cell ............................................................12-89' || cell#3 r2c0 bbox=[15.5, 43.3, 353.0, 56.0] crosses_v=1 crosses_h=0 text='Secondary cell ........................................................12-89' || cell#4 r3c0 bbox=[2.0, 62.8, 353.0, 75.5] crosses_v=1 crosses_h=0 text='Bearing load.................................................................7-6'"
f6b1a583b4f056e0470b8cf906dfd961c4472f833c699e4d475a0edaabdf409a_0000,390,97,2,1,88,0,49,4,106,/home/chanho-cho/projects/Datasets/table_structure_val/image/f6b1a583b4f056e0470b8cf906dfd961c4472f833c699e4d475a0edaabdf409a_0000.png,/home/chanho-cho/projects/Datasets/table_structure_val/json/f6b1a583b4f056e0470b8cf906dfd961c4472f833c699e4d475a0edaabdf409a_0000.json,"cell#0 r0c0 bbox=[2.8, 3.7, 353.8, 16.4] crosses_v=1 crosses_h=0 text='Slack...........................................................................' || cell#1 r1c0 bbox=[2.8, 23.2, 353.8, 35.9] crosses_v=1 crosses_h=0 text='Slide calipers..............................................................11-2' || cell#2 r2c0 bbox=[2.8, 42.7, 353.8, 55.4] crosses_v=1 crosses_h=0 text='Society for Testing and Materials (ASTM).................2-45' || cell#4 r3c1 bbox=[298.8, 62.2, 353.8, 74.9] crosses_v=1 crosses_h=0 text='2-45, 7-3'"
d89507ba0a37074df35ef33f40e831842093c21c494cff9fd41e18b7a83ffc19_0000,388,58,48,14,0,0,54,4,166,/home/chanho-cho/projects/Datasets/table_structure_val/image/d89507ba0a37074df35ef33f40e831842093c21c494cff9fd41e18b7a83ffc19_0000.png,/home/chanho-cho/projects/Datasets/table_structure_val/json/d89507ba0a37074df35ef33f40e831842093c21c494cff9fd41e18b7a83ffc19_0000.json,"cell#0 r0c1 bbox=[56.1, 27.5, 355.8, 42.6] crosses_v=1 crosses_h=0 text='50.17.2 OS-Related References . . . . . . . . .' || cell#2 r1c1 bbox=[32.9, 41.7, 225.4, 61.1] crosses_v=2 crosses_h=0 text='50.17.3 Other References' || cell#5 r2c1 bbox=[26.4, 64.0, 57.4, 80.9] crosses_v=1 crosses_h=0 text='50.18' || cell#6 r2c2 bbox=[75.4, 61.5, 298.0, 79.3] crosses_v=1 crosses_h=0 text='Acknowledgements . . . . . . . . .'"
73be01a692d51b38446c7aef29786b52ce3846968a0e3be223946ef6d638bf3d_0000,367,35,38,20,48,0,52,3,148,/home/chanho-cho/projects/Datasets/table_structure_val/image/73be01a692d51b38446c7aef29786b52ce3846968a0e3be223946ef6d638bf3d_0000.png,/home/chanho-cho/projects/Datasets/table_structure_val/json/73be01a692d51b38446c7aef29786b52ce3846968a0e3be223946ef6d638bf3d_0000.json,"cell#36 r12c0 bbox=[61.6, 222.0, 109.0, 238.1] crosses_v=1 crosses_h=0 text='86.15.15' || cell#39 r13c0 bbox=[37.5, 237.6, 234.7, 253.6] crosses_v=1 crosses_h=0 text='86.16 Platform Specific Problems' || cell#72 r24c0 bbox=[60.8, 435.7, 108.5, 452.2] crosses_v=1 crosses_h=0 text='86.16.11' || cell#75 r25c0 bbox=[59.2, 453.7, 108.7, 470.0] crosses_v=1 crosses_h=0 text='86.16.12'"
7132036cfcdc055ca76acf374620ce8c13a7906a3a3436dddbb0c8a23b83528b_0000,358,53,38,16,5,0,51,4,143,/home/chanho-cho/projects/Datasets/table_structure_val/image/7132036cfcdc055ca76acf374620ce8c13a7906a3a3436dddbb0c8a23b83528b_0000.png,/home/chanho-cho/projects/Datasets/table_structure_val/json/7132036cfcdc055ca76acf374620ce8c13a7906a3a3436dddbb0c8a23b83528b_0000.json,"cell#0 r0c1 bbox=[58.5, 12.4, 221.1, 29.5] crosses_v=1 crosses_h=0 text='98.5.4 Perl LaTeX Documentation' || cell#4 r1c1 bbox=[68.1, 31.3, 294.3, 47.1] crosses_v=1 crosses_h=0 text='BUILDING PERL ON AMIGAOS' || cell#5 r2c1 bbox=[57.7, 46.7, 299.9, 61.8] crosses_v=1 crosses_h=0 text='. 98.6.1 Build Prerequisites for Perl on' || cell#18 r6c1 bbox=[58.7, 119.7, 312.1, 136.9] crosses_v=1 crosses_h=0 text='98.6.5 Installing the built Perl on AmigaOS'"
b68cc1cb0c92aa7561b9800ab5d17860b79b88770dc7ca4961380bd7d916b930_0000,358,60,24,16,26,0,55,4,171,/home/chanho-cho/projects/Datasets/table_structure_val/image/b68cc1cb0c92aa7561b9800ab5d17860b79b88770dc7ca4961380bd7d916b930_0000.png,/home/chanho-cho/projects/Datasets/table_structure_val/json/b68cc1cb0c92aa7561b9800ab5d17860b79b88770dc7ca4961380bd7d916b930_0000.json,"cell#1 r0c2 bbox=[106.8, 25.1, 454.0, 40.1] crosses_v=1 crosses_h=0 text='Hash Randomisation . . . . . . . . . . . . . . . . . . .' || cell#4 r1c2 bbox=[104.1, 40.4, 454.0, 56.8] crosses_v=1 crosses_h=0 text='Threading . . . . . . . . . . . . . . . . . . . . . . . . .' || cell#7 r2c1 bbox=[49.2, 60.5, 116.2, 76.3] crosses_v=1 crosses_h=0 text='Modules' || cell#8 r2c2 bbox=[91.2, 59.4, 454.0, 75.6] crosses_v=1 crosses_h=0 text='and Pragmata . . . . . . . . . . . . . . . . . . . . . .'"
540f16bd03612c828de64484bec723eef915a9e501ee325acf9a529eb6bb325c_0000,353,55,41,13,0,0,52,4,163,/home/chanho-cho/projects/Datasets/table_structure_val/image/540f16bd03612c828de64484bec723eef915a9e501ee325acf9a529eb6bb325c_0000.png,/home/chanho-cho/projects/Datasets/table_structure_val/json/540f16bd03612c828de64484bec723eef915a9e501ee325acf9a529eb6bb325c_0000.json,"cell#1 r0c2 bbox=[120.0, 30.5, 290.7, 46.2] crosses_v=1 crosses_h=0 text='Opening Non-File Files . .' || cell#4 r1c2 bbox=[119.7, 45.3, 290.7, 63.3] crosses_v=1 crosses_h=0 text='Opening Named Pipes . . .' || cell#7 r2c2 bbox=[121.6, 63.8, 290.7, 81.3] crosses_v=1 crosses_h=0 text='Opening Sockets . . . . . .' || cell#10 r3c2 bbox=[119.3, 81.3, 290.7, 99.2] crosses_v=1 crosses_h=0 text='Binary Files . . . . . . . . .'"
6c7cc8f0b2e8610c3b74d2f789ab10c06249f12d82b68b5d1a603773db75fa53_0000,352,3,94,3,46,0,51,3,144,/home/chanho-cho/projects/Datasets/table_structure_val/image/6c7cc8f0b2e8610c3b74d2f789ab10c06249f12d82b68b5d1a603773db75fa53_0000.png,/home/chanho-cho/projects/Datasets/table_structure_val/json/6c7cc8f0b2e8610c3b74d2f789ab10c06249f12d82b68b5d1a603773db75fa53_0000.json,"cell#29 r10c1 bbox=[112.1, 193.5, 565.1, 210.0] crosses_v=0 crosses_h=1 text='. . . . . .' || cell#30 r9c2 bbox=[700.5, 192.7, 723.0, 208.3] crosses_v=0 crosses_h=1 text='727' || cell#31 r11c0 bbox=[2.3, 218.1, 86.7, 239.0] crosses_v=0 crosses_h=1 text='45 perltie' || cell#32 r10c2 bbox=[700.4, 210.1, 723.7, 226.0] crosses_v=0 crosses_h=1 text='728'"
c4ae8a87062efbdbf44389a94992d0b9d0bcfdbdba0eedd3f28519f11559a1f3_0000,345,91,0,0,72,0,49,4,98,/home/chanho-cho/projects/Datasets/table_structure_val/image/c4ae8a87062efbdbf44389a94992d0b9d0bcfdbdba0eedd3f28519f11559a1f3_0000.png,/home/chanho-cho/projects/Datasets/table_structure_val/json/c4ae8a87062efbdbf44389a94992d0b9d0bcfdbdba0eedd3f28519f11559a1f3_0000.json,"cell#0 r0c0 bbox=[3.3, 4.0, 354.3, 16.7] crosses_v=1 crosses_h=0 text='Measurement Systems .................................................3-27' || cell#1 r1c0 bbox=[16.8, 23.5, 354.3, 36.2] crosses_v=1 crosses_h=0 text='Conventional (U.S. or English) System ...................3-27' || cell#2 r2c0 bbox=[16.8, 43.0, 354.3, 55.7] crosses_v=1 crosses_h=0 text='Metric System ..........................................................3-27' || cell#3 r3c0 bbox=[16.8, 62.5, 354.3, 75.2] crosses_v=1 crosses_h=0 text='Measurement Systems and Conversions..................3-28'"
841f939a400740ea6965e5357abbba9f269fb78e5d8608d70c9406b9eb3ea935_0000,342,56,34,14,2,0,51,4,168,/home/chanho-cho/projects/Datasets/table_structure_val/image/841f939a400740ea6965e5357abbba9f269fb78e5d8608d70c9406b9eb3ea935_0000.png,/home/chanho-cho/projects/Datasets/table_structure_val/json/841f939a400740ea6965e5357abbba9f269fb78e5d8608d70c9406b9eb3ea935_0000.json,"cell#0 r0c1 bbox=[61.4, 29.4, 307.2, 45.2] crosses_v=1 crosses_h=0 text='103.3.4 Suspicious Warnings on Cygwin' || cell#4 r1c1 bbox=[61.8, 44.5, 248.9, 60.6] crosses_v=1 crosses_h=0 text='MAKE ON CYGWIN . . .' || cell#8 r2c2 bbox=[107.1, 64.5, 345.4, 80.3] crosses_v=1 crosses_h=0 text='Errors on Cygwin . . . . . . . . . . .' || cell#11 r3c2 bbox=[114.2, 83.1, 345.4, 98.9] crosses_v=1 crosses_h=0 text='ld2 on Cygwin . . . . . . . . . . . .'"
acf35d92d642e25f6d7ceb858bb83107f5918bcf0eb9a975429c4a8dd6258b71_0000,341,66,28,11,4,0,52,4,155,/home/chanho-cho/projects/Datasets/table_structure_val/image/acf35d92d642e25f6d7ceb858bb83107f5918bcf0eb9a975429c4a8dd6258b71_0000.png,/home/chanho-cho/projects/Datasets/table_structure_val/json/acf35d92d642e25f6d7ceb858bb83107f5918bcf0eb9a975429c4a8dd6258b71_0000.json,"cell#0 r0c1 bbox=[57.6, 22.1, 104.8, 38.2] crosses_v=1 crosses_h=0 text='28.1.22' || cell#1 r0c2 bbox=[119.5, 23.8, 323.8, 39.3] crosses_v=1 crosses_h=0 text='List Operators (Rightward) . . . .' || cell#4 r1c2 bbox=[118.2, 38.8, 323.8, 55.2] crosses_v=1 crosses_h=0 text='Logical Not . . . . . . . . . . . .' || cell#7 r2c2 bbox=[117.8, 55.9, 323.8, 73.1] crosses_v=1 crosses_h=0 text='Logical And . . . . . . . . . . .'"
e5cb8777468fbb0675b2406dffd536cfa9edd44571f92e3ddd07d91634af6c17_0000,337,3,90,2,48,0,52,3,144,/home/chanho-cho/projects/Datasets/table_structure_val/image/e5cb8777468fbb0675b2406dffd536cfa9edd44571f92e3ddd07d91634af6c17_0000.png,/home/chanho-cho/projects/Datasets/table_structure_val/json/e5cb8777468fbb0675b2406dffd536cfa9edd44571f92e3ddd07d91634af6c17_0000.json,"cell#11 r4c1 bbox=[118.3, 82.8, 665.8, 116.0] crosses_v=0 crosses_h=1 text='. All I want to do is append a small amount of text to the end of a file. Do I s' || cell#14 r4c2 bbox=[697.1, 105.7, 721.1, 122.1] crosses_v=0 crosses_h=1 text='279' || cell#45 r15c0 bbox=[51.7, 298.4, 101.5, 315.6] crosses_v=0 crosses_h=1 text='21.1.32' || cell#51 r17c0 bbox=[46.4, 333.2, 96.5, 350.6] crosses_v=0 crosses_h=1 text='21.1.34'"
f2e584d3a6089e6a8eff0dcd7089d885c626598353ba1a88b6f9b117be37dc60_0000,337,63,18,10,44,0,54,3,159,/home/chanho-cho/projects/Datasets/table_structure_val/image/f2e584d3a6089e6a8eff0dcd7089d885c626598353ba1a88b6f9b117be37dc60_0000.png,/home/chanho-cho/projects/Datasets/table_structure_val/json/f2e584d3a6089e6a8eff0dcd7089d885c626598353ba1a88b6f9b117be37dc60_0000.json,"cell#0 r0c0 bbox=[61.1, 10.1, 307.0, 24.4] crosses_v=1 crosses_h=0 text='Installation and Configuration Improvements' || cell#3 r1c0 bbox=[58.0, 34.1, 90.7, 49.4] crosses_v=0 crosses_h=1 text='90.9.1' || cell#4 r1c1 bbox=[100.4, 30.8, 451.8, 45.9] crosses_v=1 crosses_h=0 text='Generic Improvements . . . . . . . . . . . . . . . . . .' || cell#6 r2c0 bbox=[55.8, 50.0, 216.4, 66.2] crosses_v=1 crosses_h=0 text='Selected . . .'"
40f6e9eea3d27f4e0c50b1539b8621e8772273cd081d990bb3ab5ace870a80f6_0000,330,33,38,14,47,0,56,3,159,/home/chanho-cho/projects/Datasets/table_structure_val/image/40f6e9eea3d27f4e0c50b1539b8621e8772273cd081d990bb3ab5ace870a80f6_0000.png,/home/chanho-cho/projects/Datasets/table_structure_val/json/40f6e9eea3d27f4e0c50b1539b8621e8772273cd081d990bb3ab5ace870a80f6_0000.json,"cell#4 r1c1 bbox=[113.5, 24.0, 716.7, 40.0] crosses_v=1 crosses_h=0 text=""Why doesn't open() return an error when a pipe . . . . . . . . . . . . . . . . ."" || cell#11 r4c1 bbox=[113.5, 74.9, 694.7, 93.6] crosses_v=1 crosses_h=0 text="". . . . . . . . . . . . . . . . . Why can't my script on Unix, ˆZ on MS-DOS)? ."" || cell#14 r5c1 bbox=[255.5, 86.5, 665.7, 111.6] crosses_v=0 crosses_h=1 text='read from STDIN after I gave it EOF (ˆD shell script to perl? . . . . . . . . . ' || cell#22 r7c1 bbox=[118.7, 126.7, 665.7, 147.4] crosses_v=0 crosses_h=1 text='How can I write expect in Perl? . . . . . . . . .'"
d255e67297881eb106de1b910cd3797ef1dde44500e17bd29abe81c32c2607c7_0000,323,54,21,11,43,0,53,3,151,/home/chanho-cho/projects/Datasets/table_structure_val/image/d255e67297881eb106de1b910cd3797ef1dde44500e17bd29abe81c32c2607c7_0000.png,/home/chanho-cho/projects/Datasets/table_structure_val/json/d255e67297881eb106de1b910cd3797ef1dde44500e17bd29abe81c32c2607c7_0000.json,"cell#0 r0c0 bbox=[65.1, 24.5, 413.8, 38.5] crosses_v=1 crosses_h=0 text='Improved Documentation . . . . . . . . . . . . . . . . . .' || cell#3 r1c0 bbox=[64.0, 38.7, 221.8, 54.1] crosses_v=1 crosses_h=0 text='Performance enhancements' || cell#7 r2c1 bbox=[97.7, 58.3, 515.8, 74.4] crosses_v=1 crosses_h=0 text='Simple sort() using { $a < = > $b } and the like are optimized . . . . .' || cell#10 r3c1 bbox=[99.0, 75.8, 515.8, 91.9] crosses_v=1 crosses_h=0 text='Optimized assignments to lexical variables . . . . . . . . . . . . . .'"
46c3b43d945776dd77865b978c631cbabd927b511edd82e35bf8bb2d19e314e7_0000,308,57,24,13,0,0,54,4,152,/home/chanho-cho/projects/Datasets/table_structure_val/image/46c3b43d945776dd77865b978c631cbabd927b511edd82e35bf8bb2d19e314e7_0000.png,/home/chanho-cho/projects/Datasets/table_structure_val/json/46c3b43d945776dd77865b978c631cbabd927b511edd82e35bf8bb2d19e314e7_0000.json,"cell#0 r0c0 bbox=[23.1, 1.3, 58.4, 21.9] crosses_v=1 crosses_h=1 text='72.26' || cell#1 r0c1 bbox=[78.9, 4.2, 146.1, 19.6] crosses_v=1 crosses_h=0 text='AUTHORS' || cell#2 r0c2 bbox=[86.4, 4.1, 267.5, 19.0] crosses_v=1 crosses_h=0 text='. . . . . . . . . . .' || cell#4 r1c0 bbox=[18.5, 16.9, 53.0, 38.0] crosses_v=0 crosses_h=1 text='72.27'"
eda1c387bbfb4ce2ed9dc15a6fc6a22019553f6fd8a7222f3272b5a62c1bab35_0000,301,27,45,16,1,4,8,11,52,/home/chanho-cho/projects/Datasets/table_structure_val/image/eda1c387bbfb4ce2ed9dc15a6fc6a22019553f6fd8a7222f3272b5a62c1bab35_0000.png,/home/chanho-cho/projects/Datasets/table_structure_val/json/eda1c387bbfb4ce2ed9dc15a6fc6a22019553f6fd8a7222f3272b5a62c1bab35_0000.json,"cell#2 r1c4 bbox=[49.1, 26.2, 374.0, 47.0] crosses_v=6 crosses_h=2 text='----------SCRATCH_STACKED_VOLUMES_AVAILABLE_BY_TYPE----------- NONE' || cell#3 r2c0 bbox=[17.6, 38.2, 49.1, 47.0] crosses_v=0 crosses_h=1 text='RECORD' || cell#4 r2c1 bbox=[59.5, 38.2, 85.7, 47.0] crosses_v=0 crosses_h=1 text='3590J' || cell#5 r2c2 bbox=[101.4, 38.2, 127.6, 47.0] crosses_v=0 crosses_h=1 text='3590K'"
d16f3581a878928cdc4e8e91a0b57e73e6d2695522f797a96b462d47ecc59a61_0000,298,41,34,13,8,0,25,6,81,/home/chanho-cho/projects/Datasets/table_structure_val/image/d16f3581a878928cdc4e8e91a0b57e73e6d2695522f797a96b462d47ecc59a61_0000.png,/home/chanho-cho/projects/Datasets/table_structure_val/json/d16f3581a878928cdc4e8e91a0b57e73e6d2695522f797a96b462d47ecc59a61_0000.json,"cell#0 r0c0 bbox=[237.5, 3.1, 720.2, 19.1] crosses_v=3 crosses_h=0 text='Advisory Circular Numbering System' || cell#1 r15c0 bbox=[9.0, 467.7, 724.6, 535.5] crosses_v=5 crosses_h=0 text='3. Within the General Subject Number Areas, Specific selectivity in advisory app' || cell#2 r14c3 bbox=[373.7, 414.1, 705.5, 525.1] crosses_v=2 crosses_h=1 text='circular mail lists is available corresponding to the separate mail lists for ad' || cell#3 r24c0 bbox=[22.0, 718.4, 717.3, 815.2] crosses_v=5 crosses_h=0 text='Individual circular identification numbers. Each circular has a subject number f'"
45a07f2e0d1e7c4df96f4653842d53fa1445d9708bd26a42ff8b6a8b8661c8c2_0000,294,5,93,0,0,0,44,12,492,/home/chanho-cho/projects/Datasets/table_structure_val/image/45a07f2e0d1e7c4df96f4653842d53fa1445d9708bd26a42ff8b6a8b8661c8c2_0000.png,/home/chanho-cho/projects/Datasets/table_structure_val/json/45a07f2e0d1e7c4df96f4653842d53fa1445d9708bd26a42ff8b6a8b8661c8c2_0000.json,"cell#0 r0c4 bbox=[208.4, 1.8, 295.8, 16.9] crosses_v=2 crosses_h=0 text='MVT' || cell#1 r0c6 bbox=[312.0, 2.1, 393.1, 17.4] crosses_v=1 crosses_h=0 text='GDS' || cell#2 r0c8 bbox=[420.8, 2.0, 488.7, 18.0] crosses_v=1 crosses_h=0 text='Lenk' || cell#3 r0c10 bbox=[512.1, 2.7, 587.9, 19.9] crosses_v=1 crosses_h=0 text='HME'"
04378bc47871507167e6abdb9af0938610cddf36039ea8b8ce087b804f52a47a_0000,287,33,39,14,1,0,53,4,150,/home/chanho-cho/projects/Datasets/table_structure_val/image/04378bc47871507167e6abdb9af0938610cddf36039ea8b8ce087b804f52a47a_0000.png,/home/chanho-cho/projects/Datasets/table_structure_val/json/04378bc47871507167e6abdb9af0938610cddf36039ea8b8ce087b804f52a47a_0000.json,"cell#31 r10c1 bbox=[35.0, 189.8, 386.5, 204.0] crosses_v=2 crosses_h=0 text='EXTERNAL TOOLS FOR DEBUGGING PERL .' || cell#52 r17c2 bbox=[108.4, 312.0, 303.1, 332.5] crosses_v=0 crosses_h=1 text='Profiling . . . . . . . . . . .' || cell#53 r18c2 bbox=[109.5, 331.0, 303.1, 350.5] crosses_v=0 crosses_h=1 text='. Gprof Profiling . . . . . . .' || cell#61 r20c2 bbox=[107.9, 366.1, 303.1, 386.3] crosses_v=0 crosses_h=1 text='Pixie Profiling . . . . . . .'"
352d4c2774119bd64852b6969fd0ab250789e6ff4e2fef8a50c660cfe781cb1a_0000,281,28,42,5,46,0,52,3,142,/home/chanho-cho/projects/Datasets/table_structure_val/image/352d4c2774119bd64852b6969fd0ab250789e6ff4e2fef8a50c660cfe781cb1a_0000.png,/home/chanho-cho/projects/Datasets/table_structure_val/json/352d4c2774119bd64852b6969fd0ab250789e6ff4e2fef8a50c660cfe781cb1a_0000.json,"cell#1 r0c1 bbox=[73.9, 30.3, 491.0, 45.8] crosses_v=1 crosses_h=0 text='help . . . . . . . . . . . . . . . . . . . . . . . . . . . . . . . . . . .' || cell#4 r1c1 bbox=[75.3, 46.4, 491.0, 63.5] crosses_v=1 crosses_h=0 text='Stepping through code . . . . . . . . . . . . . . . . . . . . . . . . .' || cell#7 r2c1 bbox=[77.7, 64.6, 491.0, 81.5] crosses_v=1 crosses_h=0 text='Placeholder for a, w, t, T . . . . . . . . . . . . . . . . . . . . . . . .' || cell#10 r3c1 bbox=[76.7, 82.9, 491.0, 99.4] crosses_v=1 crosses_h=0 text='REGULAR EXPRESSIONS . . . . . . . . . . . . . . . . . . . . .'"
63a9278543289c30115c7bdbb7fbe316256cea2a48c116de6b17543437274a65_0000,276,54,14,5,47,0,54,3,162,/home/chanho-cho/projects/Datasets/table_structure_val/image/63a9278543289c30115c7bdbb7fbe316256cea2a48c116de6b17543437274a65_0000.png,/home/chanho-cho/projects/Datasets/table_structure_val/json/63a9278543289c30115c7bdbb7fbe316256cea2a48c116de6b17543437274a65_0000.json,"cell#1 r0c1 bbox=[55.9, 17.6, 503.2, 34.4] crosses_v=1 crosses_h=0 text='SYNOPSIS . . . . . . . . . . . . . . . . . . . . . . . . . . . . . .' || cell#2 r1c0 bbox=[0.2, 31.7, 171.9, 51.4] crosses_v=1 crosses_h=0 text='. . . . 117.2 DESCRIPTION .' || cell#7 r2c1 bbox=[96.1, 54.2, 503.2, 70.7] crosses_v=1 crosses_h=0 text='Target . . . . . . . . . . . . . . . . . . . . . . . . . . . . . . . .' || cell#8 r3c1 bbox=[97.5, 69.8, 503.2, 88.2] crosses_v=1 crosses_h=0 text='. Other OSes . . . . . . . . . . . . . . . . . . . . . . . . . . . . . .'"
1fe96db8b84eb08c1a41c346d9ae482771b56e495e9fdf4384f9b88dc3cfca80_0000,274,51,25,9,1,0,51,4,170,/home/chanho-cho/projects/Datasets/table_structure_val/image/1fe96db8b84eb08c1a41c346d9ae482771b56e495e9fdf4384f9b88dc3cfca80_0000.png,/home/chanho-cho/projects/Datasets/table_structure_val/json/1fe96db8b84eb08c1a41c346d9ae482771b56e495e9fdf4384f9b88dc3cfca80_0000.json,"cell#1 r0c2 bbox=[118.1, 24.5, 356.8, 40.4] crosses_v=1 crosses_h=0 text='Math::Trig . . . . . . . . . . . . . . .' || cell#4 r1c2 bbox=[117.5, 39.0, 356.8, 56.9] crosses_v=1 crosses_h=0 text='DB_File . . . . . . . . . . . . . . . . .' || cell#7 r2c2 bbox=[119.1, 59.3, 356.8, 75.0] crosses_v=1 crosses_h=0 text='Net::Ping . . . . . . . . . . . . . . . .' || cell#10 r3c2 bbox=[113.4, 75.1, 394.1, 92.8] crosses_v=1 crosses_h=0 text='Object-oriented overrides for builtin operators'"
1cf41f6ce39b44cc609e94533e10fd2ebe807d59f27e8be16c8168077f10b9a0_0000,262,56,16,9,1,0,53,3,155,/home/chanho-cho/projects/Datasets/table_structure_val/image/1cf41f6ce39b44cc609e94533e10fd2ebe807d59f27e8be16c8168077f10b9a0_0000.png,/home/chanho-cho/projects/Datasets/table_structure_val/json/1cf41f6ce39b44cc609e94533e10fd2ebe807d59f27e8be16c8168077f10b9a0_0000.json,"cell#1 r0c1 bbox=[109.0, 3.9, 411.9, 23.1] crosses_v=1 crosses_h=0 text='-A flag . . . . . . . . . . . . . . . . . . . . . . .' || cell#4 r1c1 bbox=[109.7, 25.5, 411.9, 41.0] crosses_v=1 crosses_h=0 text='Enhanced Installation Directories . . . . . . . . .' || cell#6 r2c0 bbox=[53.7, 41.5, 267.9, 55.6] crosses_v=1 crosses_h=0 text=""91.8.11 gcc automatically tried if 'cc'"" || cell#9 r3c0 bbox=[73.7, 61.2, 243.5, 76.9] crosses_v=1 crosses_h=0 text='Platform specific changes . .'"
51add41006d3e1712f8b3db9ab89eef762ed55f431237a22398cc6c9324a2c2c_0000,262,22,37,10,35,0,55,4,169,/home/chanho-cho/projects/Datasets/table_structure_val/image/51add41006d3e1712f8b3db9ab89eef762ed55f431237a22398cc6c9324a2c2c_0000.png,/home/chanho-cho/projects/Datasets/table_structure_val/json/51add41006d3e1712f8b3db9ab89eef762ed55f431237a22398cc6c9324a2c2c_0000.json,"cell#37 r12c1 bbox=[65.2, 241.3, 158.7, 257.6] crosses_v=1 crosses_h=0 text='CPAN Testers' || cell#41 r13c1 bbox=[59.1, 258.3, 166.3, 276.8] crosses_v=1 crosses_h=0 text='PLATFORMS .' || cell#57 r18c2 bbox=[107.0, 344.4, 460.3, 364.8] crosses_v=0 crosses_h=1 text='VOS . . . . . . . . . . . . . . . . . . . . . . . . . . . .' || cell#69 r22c1 bbox=[60.6, 430.8, 344.8, 448.2] crosses_v=1 crosses_h=0 text='FUNCTION IMPLEMENTATIONS . . . . . 52.5.1 Alphabetical Listing of Perl Functions'"
f7d540e416dc343745f895a19ca4d7e51aa54b361f76c4e51dac4118811e2eac_0000,260,59,12,2,37,0,53,4,174,/home/chanho-cho/projects/Datasets/table_structure_val/image/f7d540e416dc343745f895a19ca4d7e51aa54b361f76c4e51dac4118811e2eac_0000.png,/home/chanho-cho/projects/Datasets/table_structure_val/json/f7d540e416dc343745f895a19ca4d7e51aa54b361f76c4e51dac4118811e2eac_0000.json,"cell#1 r0c1 bbox=[55.3, 1.0, 148.5, 15.7] crosses_v=1 crosses_h=0 text='perl572delta' || cell#4 r1c1 bbox=[60.5, 15.0, 203.2, 37.5] crosses_v=1 crosses_h=1 text='DESCRIPTION . .' || cell#7 r2c0 bbox=[16.1, 41.8, 40.0, 57.7] crosses_v=0 crosses_h=1 text='88.2' || cell#8 r2c1 bbox=[78.6, 37.5, 280.0, 52.2] crosses_v=1 crosses_h=0 text='Security Vulnerability Closed . .'"
a0cb31b0c426d77a22b4d0b7d8c0bce7956c570a2658abba262d2e1d4d354796_0000,243,21,45,9,0,0,52,4,157,/home/chanho-cho/projects/Datasets/table_structure_val/image/a0cb31b0c426d77a22b4d0b7d8c0bce7956c570a2658abba262d2e1d4d354796_0000.png,/home/chanho-cho/projects/Datasets/table_structure_val/json/a0cb31b0c426d77a22b4d0b7d8c0bce7956c570a2658abba262d2e1d4d354796_0000.json,"cell#6 r3c1 bbox=[63.1, 66.1, 165.6, 87.1] crosses_v=1 crosses_h=1 text='8.1.21 Summary' || cell#7 r2c2 bbox=[107.8, 62.9, 320.3, 81.2] crosses_v=0 crosses_h=1 text='. . . . . . . . . . . . .' || cell#8 r3c3 bbox=[698.4, 67.7, 720.5, 84.4] crosses_v=0 crosses_h=1 text='101' || cell#10 r4c1 bbox=[75.7, 96.2, 200.2, 112.0] crosses_v=1 crosses_h=0 text='SEE ALSO . . . . .'"
207588a27f93541513f750c13a594bb10e41e3c416d9935c0adebe8cf14667d2_0000,237,35,18,8,38,0,52,4,169,/home/chanho-cho/projects/Datasets/table_structure_val/image/207588a27f93541513f750c13a594bb10e41e3c416d9935c0adebe8cf14667d2_0000.png,/home/chanho-cho/projects/Datasets/table_structure_val/json/207588a27f93541513f750c13a594bb10e41e3c416d9935c0adebe8cf14667d2_0000.json,"cell#27 r9c0 bbox=[18.8, 164.8, 90.4, 180.8] crosses_v=1 crosses_h=0 text='78.12' || cell#28 r9c1 bbox=[34.3, 163.9, 528.7, 178.7] crosses_v=2 crosses_h=0 text='Tests . . . . . . . . . . . . . . . . . . . . . . . . . . . . . . . . . . . . .' || cell#43 r14c1 bbox=[21.3, 255.2, 276.6, 271.1] crosses_v=2 crosses_h=0 text='78.13 Installation . . . . . . . . . . . .' || cell#58 r19c1 bbox=[51.9, 349.1, 106.5, 365.6] crosses_v=1 crosses_h=0 text='78.13.5'"
56900fdbd9344f5c6205b360bf5e51759b65c5e2150b527d81673f8bdc185ddc_0000,237,78,1,0,0,0,55,10,284,/home/chanho-cho/projects/Datasets/table_structure_val/image/56900fdbd9344f5c6205b360bf5e51759b65c5e2150b527d81673f8bdc185ddc_0000.png,/home/chanho-cho/projects/Datasets/table_structure_val/json/56900fdbd9344f5c6205b360bf5e51759b65c5e2150b527d81673f8bdc185ddc_0000.json,"cell#2 r0c2 bbox=[299.8, 7.7, 346.0, 23.0] crosses_v=1 crosses_h=0 text='in one or less' || cell#5 r0c6 bbox=[656.0, 7.1, 702.2, 22.0] crosses_v=1 crosses_h=0 text='Due after 10 years (b)' || cell#14 r3c5 bbox=[509.9, 70.7, 622.9, 83.6] crosses_v=1 crosses_h=0 text='$ 11,073' || cell#17 r3c8 bbox=[758.5, 71.1, 840.1, 83.6] crosses_v=1 crosses_h=0 text='125,648'"
64e5436c8aea7d867e6a65087ae45298c4d753a4ee3ae17c65e0d6b0ed494936_0000,234,38,23,10,1,0,55,4,186,/home/chanho-cho/projects/Datasets/table_structure_val/image/64e5436c8aea7d867e6a65087ae45298c4d753a4ee3ae17c65e0d6b0ed494936_0000.png,/home/chanho-cho/projects/Datasets/table_structure_val/json/64e5436c8aea7d867e6a65087ae45298c4d753a4ee3ae17c65e0d6b0ed494936_0000.json,"cell#25 r8c1 bbox=[38.3, 153.2, 240.7, 167.5] crosses_v=2 crosses_h=0 text='KNOWNPROBLEMS . .' || cell#28 r9c0 bbox=[9.3, 168.0, 37.8, 185.5] crosses_v=0 crosses_h=1 text='71.5' || cell#29 r9c1 bbox=[66.1, 172.3, 176.7, 188.6] crosses_v=1 crosses_h=0 text='EXAMPLES . . .' || cell#30 r10c1 bbox=[50.5, 186.9, 261.6, 203.2] crosses_v=1 crosses_h=1 text='. . . . . . . 71.5.1 No Parameters, Nothing returned'"
aad0e86463160c9561f11f75540386b9d555195d387ab589a312c935e3699b22_0000,231,0,60,0,51,0,54,3,156,/home/chanho-cho/projects/Datasets/table_structure_val/image/aad0e86463160c9561f11f75540386b9d555195d387ab589a312c935e3699b22_0000.png,/home/chanho-cho/projects/Datasets/table_structure_val/json/aad0e86463160c9561f11f75540386b9d555195d387ab589a312c935e3699b22_0000.json,"cell#48 r16c0 bbox=[32.1, 299.0, 80.9, 315.4] crosses_v=0 crosses_h=1 text='91.3.41' || cell#51 r17c0 bbox=[32.1, 317.2, 82.1, 333.7] crosses_v=0 crosses_h=1 text='91.3.42' || cell#57 r19c0 bbox=[32.3, 353.1, 82.3, 369.6] crosses_v=0 crosses_h=1 text='91.3.44' || cell#60 r20c0 bbox=[32.6, 370.3, 80.8, 386.7] crosses_v=0 crosses_h=1 text='91.3.45'"
92dca2b156a36d2c365b872591494eaeb60c50adc153f8330ae098567cfbd73f_0000,224,43,14,9,0,8,13,9,110,/home/chanho-cho/projects/Datasets/table_structure_val/image/92dca2b156a36d2c365b872591494eaeb60c50adc153f8330ae098567cfbd73f_0000.png,/home/chanho-cho/projects/Datasets/table_structure_val/json/92dca2b156a36d2c365b872591494eaeb60c50adc153f8330ae098567cfbd73f_0000.json,"cell#1 r12c1 bbox=[71.4, 871.0, 165.3, 992.7] crosses_v=1 crosses_h=0 text='$m Revenue External sales Inter-segment sales Total sales revenue Other income (' || cell#14 r11c1 bbox=[76.9, 608.1, 165.7, 851.2] crosses_v=1 crosses_h=0 text='1,638.1 16.8 1,654.9 20.7 income 1,675.6' || cell#26 r1c2 bbox=[160.9, 53.7, 208.3, 81.5] crosses_v=1 crosses_h=0 text='(90.1) -' || cell#27 r0c2 bbox=[159.0, 2.2, 270.1, 58.8] crosses_v=2 crosses_h=1 text='6,268.0 1,028.3 32.4 (155.9) 904.8 (241.4)'"
1967d1059195db2dc95e11825e770aa09cd0c4381c2e71af1c52894f01371d03_0000,220,48,4,3,49,0,47,2,62,/home/chanho-cho/projects/Datasets/table_structure_val/image/1967d1059195db2dc95e11825e770aa09cd0c4381c2e71af1c52894f01371d03_0000.png,/home/chanho-cho/projects/Datasets/table_structure_val/json/1967d1059195db2dc95e11825e770aa09cd0c4381c2e71af1c52894f01371d03_0000.json,"cell#0 r0c0 bbox=[1.4, 2.1, 352.4, 14.8] crosses_v=1 crosses_h=0 text='Inductance..................................................................12-5' || cell#2 r1c1 bbox=[192.7, 21.6, 352.4, 34.3] crosses_v=1 crosses_h=0 text='.................................12-57' || cell#3 r2c0 bbox=[14.9, 41.1, 352.4, 53.8] crosses_v=1 crosses_h=0 text='The RL Time Constant...........................................12-58' || cell#4 r3c0 bbox=[14.9, 60.6, 352.4, 73.3] crosses_v=1 crosses_h=0 text='Physical Parameters................................................12-58'"
4814b2eea6fd32a64dad2ffaafeafc641c105460842d763349b9df4bfc8e6cf0_0000,220,13,50,6,1,0,52,4,162,/home/chanho-cho/projects/Datasets/table_structure_val/image/4814b2eea6fd32a64dad2ffaafeafc641c105460842d763349b9df4bfc8e6cf0_0000.png,/home/chanho-cho/projects/Datasets/table_structure_val/json/4814b2eea6fd32a64dad2ffaafeafc641c105460842d763349b9df4bfc8e6cf0_0000.json,"cell#0 r0c0 bbox=[38.8, 13.3, 81.5, 29.1] crosses_v=1 crosses_h=0 text='70.2.8' || cell#43 r14c2 bbox=[99.3, 266.7, 390.2, 283.6] crosses_v=1 crosses_h=0 text='Subroutines . . . . . . . . . . .' || cell#46 r15c1 bbox=[45.1, 280.4, 88.8, 297.3] crosses_v=0 crosses_h=1 text='70.3.1' || cell#67 r22c1 bbox=[41.7, 408.7, 97.3, 426.3] crosses_v=1 crosses_h=0 text='Compiled'"
97a921e14e324fd9c9ee532b8575ee44a30973efa38b6059f0e6375fe03456c0_0000,215,32,18,6,35,0,49,3,143,/home/chanho-cho/projects/Datasets/table_structure_val/image/97a921e14e324fd9c9ee532b8575ee44a30973efa38b6059f0e6375fe03456c0_0000.png,/home/chanho-cho/projects/Datasets/table_structure_val/json/97a921e14e324fd9c9ee532b8575ee44a30973efa38b6059f0e6375fe03456c0_0000.json,"cell#9 r3c0 bbox=[12.8, 86.7, 175.4, 102.8] crosses_v=1 crosses_h=0 text='107.2 AUTHOR . . .' || cell#12 r4c0 bbox=[4.1, 116.5, 219.7, 133.3] crosses_v=1 crosses_h=0 text='108 README.hpux' || cell#14 r5c0 bbox=[9.5, 133.1, 212.1, 151.2] crosses_v=1 crosses_h=0 text='108.1 DESCRIPTION . . .' || cell#42 r14c1 bbox=[111.5, 296.0, 445.8, 312.4] crosses_v=1 crosses_h=0 text='Portability Between PA-RISC Versions . . . . . . . .'"
67d98a4f988e49f7cb83ede2ef380514589f1cff5a32e1896d721a23a551bbd5_0000,213,18,43,6,0,0,52,4,154,/home/chanho-cho/projects/Datasets/table_structure_val/image/67d98a4f988e49f7cb83ede2ef380514589f1cff5a32e1896d721a23a551bbd5_0000.png,/home/chanho-cho/projects/Datasets/table_structure_val/json/67d98a4f988e49f7cb83ede2ef380514589f1cff5a32e1896d721a23a551bbd5_0000.json,"cell#14 r5c1 bbox=[55.4, 118.1, 299.6, 131.8] crosses_v=1 crosses_h=0 text='. . . . . . . . BUGS . . . . . . . . . . . . . . . .' || cell#16 r5c0 bbox=[13.8, 115.1, 45.2, 133.1] crosses_v=0 crosses_h=1 text='53.9' || cell#19 r6c1 bbox=[55.4, 137.8, 217.4, 153.1] crosses_v=1 crosses_h=0 text='53.9.1 Broken systems .' || cell#20 r7c1 bbox=[55.4, 153.6, 248.7, 168.5] crosses_v=1 crosses_h=0 text='. . SEE ALSO . . . . . . . . .'"
